School,City State,State,State_abrv,From,To,Yrs,G,W,L,W-L%,SRS,SOS,AP,CREG,CTRN,NCAA,FF,NC,Lat,Long,,,,
Kentucky,Lexington Kentucky,Kentucky,KY,1903,2023,120,3100,2360,739,0.762,17.65,6.69,54,56,33,60,17,8,37.839333,-84.27002,,,,
North Carolina,Chapel Hill North Carolina,North Carolina,NC,1911,2023,113,3170,2328,842,0.734,15.75,7.05,51,39,26,52,21,6,35.782169,-80.793457,,,,
UCLA,Los Angeles California,California,CA,1920,2023,104,2852,1964,888,0.689,15.65,6.96,42,31,4,51,19,11,36.778259,-119.417931,,,,
Kansas,Lawrence Kansas,Kansas,KS,1899,2023,125,3243,2365,878,0.729,15.87,7.24,47,63,16,50,16,4,38.5,-98,,,,
Duke,Durham North Carolina,North Carolina,NC,1906,2023,118,3167,2254,913,0.712,16.3,6.7,50,23,26,44,17,5,35.782169,-80.793457,,,,
Louisville,Louisville Kentucky,Kentucky,KY,1912,2023,109,2864,1895,969,0.662,13.07,6.55,35,23,17,43,10,3,37.839333,-84.27002,,,,
Syracuse,Syracuse New York,New York,NY,1901,2023,122,3014,2061,953,0.684,9.62,4.01,30,10,5,41,6,1,43,-75,,,,
Villanova,Villanova Pennsylvania,Pennsylvania,PA,1921,2023,103,2816,1854,962,0.658,10.42,5.81,26,14,8,41,7,3,41.203323,-77.194527,,,,
Indiana,Bloomington Indiana,Indiana,IN,1901,2023,123,2988,1893,1095,0.634,13.97,8.03,28,22,0,40,8,5,40.273502,-86.126976,,,,
Notre Dame,Notre Dame Indiana,Indiana,IN,1897,2023,119,3013,1943,1069,0.645,10.04,5.75,25,1,1,37,1,0,40.273502,-86.126976,,,,
Arizona,Tucson Arizona,Arizona,AZ,1905,2023,116,2824,1864,959,0.66,9.34,5.12,28,25,8,36,4,1,34.048927,-111.093735,,,,
Texas,Austin Texas,Texas,TX,1906,2023,117,2973,1855,1118,0.624,6.83,3.77,13,25,3,36,3,0,31,-100,,,,
Michigan State,East Lansing Michigan,Michigan,MI,1899,2023,124,2912,1782,1130,0.612,11.71,7.84,25,16,6,35,10,2,44.182205,-84.506836,,,,
Ohio State,Columbus Ohio,Ohio,OH,1899,2023,124,2988,1836,1152,0.614,11.99,7.42,24,22,5,35,11,1,40.367474,-82.996216,,,,
Arkansas,Fayetteville Arkansas,Arkansas,AR,1924,2023,100,2752,1768,984,0.642,7.98,3.24,18,26,7,34,6,1,34.799999,-92.199997,,,,
Connecticut,Storrs Connecticut,Connecticut,CT,1901,2023,117,2709,1722,987,0.636,6.97,1.2,17,27,8,34,5,4,41.599998,-72.699997,,,,
Marquette,Milwaukee Wisconsin,Wisconsin,WI,1917,2023,106,2738,1689,1049,0.617,9.18,4.83,22,3,1,34,3,1,44.5,-89.5,,,,
Cincinnati,Cincinnati Ohio,Ohio,OH,1902,2023,122,2925,1870,1055,0.639,11.44,5.01,25,25,12,33,6,2,40.367474,-82.996216,,,,
Oklahoma,Norman Oklahoma,Oklahoma,OK,1908,2023,116,2869,1745,1124,0.608,9.76,6.54,19,14,7,33,5,0,36.084621,-96.921387,,,,
Purdue,West Lafayette Indiana,Indiana,IN,1897,2023,125,2944,1891,1053,0.642,12.19,7.75,24,24,1,33,2,0,40.273502,-86.126976,,,,
Temple,Philadelphia Pennsylvania,Pennsylvania,PA,1895,2023,127,3090,1967,1123,0.637,6.36,2.69,9,20,10,33,2,0,41.203323,-77.194527,,,,
Illinois,Champaign Illinois,Illinois,IL,1906,2023,118,2905,1862,1043,0.641,13.12,7.67,29,18,3,32,5,0,40,-89,,,,
Georgetown,Washington D.C.,Washington D.C.,DC,1907,2023,115,2823,1710,1113,0.606,6.66,3.95,20,11,8,31,5,1,38.9072,-77.0369,,,,
Kansas State,Manhattan Kansas,Kansas,KS,1906,2023,118,2911,1698,1213,0.583,10.25,6.3,16,19,2,31,4,0,38.5,-98,,,,
Michigan,Ann Arbor Michigan,Michigan,MI,1918,2023,106,2755,1681,1074,0.61,10.97,7.75,23,15,3,31,8,1,44.182205,-84.506836,,,,
Brigham Young,Provo Utah,Utah,UT,1903,2023,121,3027,1902,1125,0.628,7.77,3.64,12,25,3,30,0,0,39.41922,-111.950684,,,,
St. John's (NY),Queens New York,New York,NY,1908,2023,116,3029,1958,1071,0.646,8.52,4.94,15,14,3,30,2,0,43,-75,,,,
West Virginia,Morgantown West Virginia,West Virginia,WV,1904,2023,114,2972,1833,1139,0.617,7.56,2.9,19,16,13,30,2,0,39,-80.5,,,,
Maryland,College Park Maryland,Maryland,MD,1924,2023,100,2700,1627,1073,0.603,10.22,5.36,24,7,4,29,2,1,39.045753,-76.641273,,,,
Oklahoma State,Stillwater Oklahoma,Oklahoma,OK,1908,2023,114,2937,1719,1218,0.585,8.88,5.85,19,19,4,29,6,2,36.084621,-96.921387,,,,
Utah,Salt Lake City Utah,Utah,UT,1909,2023,115,2918,1864,1054,0.639,8.29,3.77,21,30,5,29,4,1,39.41922,-111.950684,,,,
Iowa,Iowa City Iowa,Iowa,IA,1893,2023,126,2932,1727,1204,0.589,11.54,7.31,21,8,3,28,3,0,42.032974,-93.581543,,,,
Missouri,Columbia Missouri,Missouri,MO,1907,2023,117,2904,1691,1213,0.582,8.79,6,14,15,8,28,0,0,38.573936,-92.60376,,,,
Xavier,Cincinnati Ohio,Ohio,OH,1920,2023,102,2635,1574,1061,0.597,6.01,3.88,12,18,9,28,0,0,40.367474,-82.996216,,,,
NC State,Raleigh North Carolina,North Carolina,NC,1913,2023,111,2905,1789,1116,0.616,10.95,5.86,17,13,17,27,3,2,35.782169,-80.793457,,,,
Memphis,Memphis Tennessee,Tennessee,TN,1956,2023,68,2045,1367,678,0.668,8.91,3.75,16,18,11,26,3,0,35.860119,-86.660156,,,,
New Mexico State,Las Cruces New Mexico,New Mexico,NM,1905,2023,113,2704,1606,1096,0.594,1.45,-0.28,5,21,13,26,1,0,34.307144,-106.018066,,,,
Pittsburgh,Pittsburgh Pennsylvania,Pennsylvania,PA,1906,2023,116,2882,1658,1224,0.575,5.21,4.2,13,11,4,26,1,0,41.203323,-77.194527,,,,
Wisconsin,Madison Wisconsin,Wisconsin,WI,1899,2023,125,2931,1684,1247,0.575,8.85,7.8,18,20,3,26,4,1,44.5,-89.5,,,,
Princeton,Princeton New Jersey,New Jersey,NJ,1901,2023,123,2903,1790,1112,0.617,1.42,-3.6,4,31,1,25,1,0,39.833851,-74.871826,,,,
Gonzaga,Spokane Washington,Washington,WA,1944,2023,72,2110,1400,710,0.664,4.16,0.09,15,27,20,24,2,0,47.751076,-120.740135,,,,
Louisiana State,Baton Rouge Louisiana,Louisiana,LA,1909,2023,115,2850,1631,1219,0.572,5.96,4.46,13,12,1,24,4,0,30.39183,-92.329102,,,,
Pennsylvania,Philadelphia Pennsylvania,Pennsylvania,PA,1897,2023,122,2961,1818,1142,0.614,0.08,-2.93,6,38,1,24,1,0,41.203323,-77.194527,,,,
Tennessee,Knoxville Tennessee,Tennessee,TN,1909,2023,114,2809,1724,1083,0.614,8.92,5.33,14,13,5,24,0,0,35.860119,-86.660156,,,,
Virginia,Charlottesville Virginia,Virginia,VA,1906,2023,118,2898,1701,1196,0.587,7.12,5.53,15,11,3,24,3,1,37.926868,-78.024902,,,,
Alabama,Tuscaloosa Alabama,Alabama,AL,1913,2023,110,2830,1745,1084,0.617,7.77,4.81,16,11,8,23,0,0,32.31823,-86.902298,,,,
Creighton,Omaha Nebraska,Nebraska,NE,1912,2023,103,2687,1637,1050,0.609,4.28,3.57,6,16,12,23,0,0,41.5,-100,,,,
Florida,Gainesville Florida,Florida,FL,1921,2023,102,2646,1491,1154,0.564,8.06,4.99,15,9,4,23,5,2,27.994402,-81.760254,,,,
Houston,Houston Texas,Texas,TX,1951,2023,73,2148,1315,833,0.612,6.5,2.86,12,7,8,23,6,0,31,-100,,,,
Wake Forest,Winston-Salem North Carolina,North Carolina,NC,1906,2023,117,2870,1588,1282,0.553,7.99,6.11,17,4,5,23,1,0,35.782169,-80.793457,,,,
Western Kentucky,Bowling Green Kentucky,Kentucky,KY,1922,2023,102,2816,1859,957,0.66,3.31,-0.19,11,29,19,23,1,0,37.839333,-84.27002,,,,
DePaul,Chicago Illinois,Illinois,IL,1924,2023,100,2581,1508,1073,0.584,6.08,5.86,12,2,0,22,2,0,40,-89,,,,
Utah State,Logan Utah,Utah,UT,1904,2023,118,2825,1673,1152,0.592,4.22,1.02,5,16,10,22,0,0,39.41922,-111.950684,,,,
Iowa State,Ames Iowa,Iowa,IA,1908,2023,116,2795,1416,1379,0.507,6.93,6.4,10,6,6,21,1,0,42.032974,-93.581543,,,,
Providence,Providence Rhode Island,Rhode Island,RI,1929,2023,74,2120,1300,820,0.613,7.57,4.34,7,1,2,21,2,0,41.742325,-71.742332,,,,
Saint Joseph's,Philadelphia Pennsylvania,Pennsylvania,PA,1910,2023,114,2863,1671,1192,0.584,3.58,1.88,6,20,6,21,1,0,41.203323,-77.194527,,,,
Nevada-Las Vegas,Las Vegas Nevada,Nevada,NV,1970,2023,54,1676,1155,521,0.689,9.2,3.13,16,13,11,20,4,1,39.876019,-117.224121,,,,
Southern California,Los Angeles California,California,CA,1907,2023,117,2938,1697,1241,0.578,8.13,6.2,11,7,1,20,2,0,36.778259,-119.417931,,,,
California,Berkeley California,California,CA,1908,2023,114,2904,1656,1248,0.57,6.85,6.09,5,14,0,19,3,1,36.778259,-119.417931,,,,
Texas Tech,Lubbock Texas,Texas,TX,1926,2023,95,2554,1442,1112,0.565,4.89,2.77,8,13,5,19,1,0,31,-100,,,,
Boston College,Chestnut Hill Massachusetts,Massachusetts,MA,1946,2023,78,2176,1178,998,0.541,3.08,3.26,8,6,2,18,0,0,42.407211,-71.382439,,,,
Dayton,Dayton Ohio,Ohio,OH,1904,2023,118,2862,1717,1145,0.6,6.99,3.15,8,6,2,18,1,0,40.367474,-82.996216,,,,
Florida State,Tallahassee Florida,Florida,FL,1957,2023,67,1958,1164,794,0.594,7.55,5.08,12,3,2,18,1,0,27.994402,-81.760254,,,,
Murray State,Murray Kentucky,Kentucky,KY,1954,2023,70,1986,1268,718,0.638,-0.38,-3.21,3,30,17,18,0,0,37.839333,-84.27002,,,,
Oregon State,Corvallis Oregon,Oregon,OR,1902,2023,122,3203,1805,1398,0.564,6.03,5.61,8,12,1,18,2,0,44,-120.5,,,,
Virginia Commonwealth,Richmond Virginia,Virginia,VA,1974,2023,50,1515,982,532,0.649,5.49,0.92,3,11,9,18,1,0,37.926868,-78.024902,,,,
Georgia Tech,Atlanta Georgia,Georgia,GA,1920,2023,104,2692,1417,1275,0.526,5.62,5.17,8,3,5,17,2,0,33.247875,-83.441162,,,,
Miami (OH),Oxford Ohio,Ohio,OH,1906,2023,118,2679,1430,1249,0.534,1.82,0.82,1,18,4,17,0,0,40.367474,-82.996216,,,,
Oregon,Eugene Oregon,Oregon,OR,1903,2023,118,3134,1736,1397,0.554,6.36,5.93,6,8,5,17,2,1,44,-120.5,,,,
San Francisco,San Francisco California,California,CA,1924,2023,96,2498,1450,1048,0.58,2.63,0.71,9,15,1,17,3,2,36.778259,-119.417931,,,,
Stanford,Stanford California,California,CA,1914,2023,108,2791,1582,1209,0.567,7.92,6.21,10,11,1,17,2,1,36.778259,-119.417931,,,,
UTEP,El Paso Texas,Texas,TX,1923,2023,95,2436,1390,1046,0.571,2.69,0.78,4,11,5,17,1,1,31,-100,,,,
Washington,Seattle Washington,Washington,WA,1896,2023,122,3081,1840,1241,0.597,7.41,6.08,8,12,3,17,1,0,47.751076,-120.740135,,,,
Arizona State,Tempe Arizona,Arizona,AZ,1912,2023,108,2640,1401,1239,0.531,5.16,4.06,7,8,0,16,0,0,34.048927,-111.093735,,,,
Butler,Indianapolis Indiana,Indiana,IN,1897,2023,125,2840,1649,1191,0.581,2.1,3.3,8,13,7,16,2,0,40.273502,-86.126976,,,,
Tulsa,Tulsa Oklahoma,Oklahoma,OK,1914,2023,110,2700,1495,1205,0.554,4.9,3.21,5,11,6,16,0,0,36.084621,-96.921387,,,,
UAB,Birmingham Alabama,Alabama,AL,1980,2023,44,1391,875,516,0.629,6.65,2.27,2,7,6,16,0,0,32.31823,-86.902298,,,,
Weber State,Ogden Utah,Utah,UT,1964,2023,60,1744,1091,653,0.626,0.04,-2.62,1,22,10,16,0,0,39.41922,-111.950684,,,,
Wichita State,Wichita Kansas,Kansas,KS,1906,2023,116,2878,1644,1234,0.571,6.16,3.37,8,12,4,16,2,0,38.5,-98,,,,
Wyoming,Laramie Wyoming,Wyoming,WY,1905,2023,118,2821,1588,1233,0.563,2.67,2.6,4,21,3,16,1,1,43.07597,-107.290283,,,,
Colorado,Boulder Colorado,Colorado,CO,1902,2023,120,2634,1387,1247,0.527,5.45,6.03,6,19,1,15,2,0,39.113014,-105.358887,,,,
Davidson,Davidson North Carolina,North Carolina,NC,1909,2023,114,2774,1523,1251,0.549,-2.59,-2.77,6,25,13,15,0,0,35.782169,-80.793457,,,,
Iona,New Rochelle New York,New York,NY,1954,2023,70,1905,1075,830,0.564,-3.77,-3.54,1,12,13,15,0,0,43,-75,,,,
New Mexico,Albuquerque New Mexico,New Mexico,NM,1900,2023,117,2678,1542,1136,0.576,3.87,2.16,11,12,6,15,0,0,34.307144,-106.018066,,,,
Vanderbilt,Nashville Tennessee,Tennessee,TN,1901,2023,121,2873,1649,1224,0.574,8.28,5.04,11,3,3,15,0,0,35.860119,-86.660156,,,,
Baylor,Waco Texas,Texas,TX,1907,2023,117,2826,1438,1388,0.509,2.44,2.75,9,7,0,14,3,1,31,-100,,,,
Minnesota,Minneapolis Minnesota,Minnesota,MN,1896,2023,128,2963,1694,1267,0.572,9.56,7.54,10,9,0,14,1,0,46.39241,-94.63623,,,,
Ohio,Athens Ohio,Ohio,OH,1908,2023,116,2785,1593,1192,0.572,0.52,-0.26,0,10,7,14,0,0,40.367474,-82.996216,,,,
San Diego State,San Diego California,California,CA,1971,2023,53,1577,879,698,0.557,4.23,3.52,5,10,8,14,0,0,36.778259,-119.417931,,,,
Seton Hall,South Orange New Jersey,New Jersey,NJ,1909,2023,110,2696,1574,1121,0.584,3.93,3.74,8,4,3,14,1,0,39.833851,-74.871826,,,,
Texas A&M,College Station Texas,Texas,TX,1913,2023,111,2795,1480,1315,0.53,2.61,2.56,4,12,2,14,0,0,31,-100,,,,
Clemson,Clemson South Carolina,South Carolina,SC,1912,2023,112,2733,1387,1344,0.508,5.6,4.24,6,1,1,13,0,0,33.836082,-81.163727,,,,
Holy Cross,Worcester Massachusetts,Massachusetts,MA,1901,2023,103,2494,1432,1062,0.574,-2.47,-3.81,6,6,7,13,2,1,42.407211,-71.382439,,,,
Pepperdine,Malibu California,California,CA,1944,2023,69,1964,971,993,0.494,-2.13,0.2,1,12,3,13,0,0,36.778259,-119.417931,,,,
Virginia Tech,Blacksburg Virginia,Virginia,VA,1909,2023,115,2782,1525,1257,0.548,4.16,1.59,3,2,2,13,0,0,37.926868,-78.024902,,,,
Chattanooga,Chattanooga Tennessee,Tennessee,TN,1978,2023,46,1394,845,549,0.606,-2.18,-3.4,1,20,12,12,0,0,35.860119,-86.660156,,,,
Georgia,Athens Georgia,Georgia,GA,1906,2023,118,2835,1466,1369,0.517,3.86,4.83,5,3,3,12,1,0,33.247875,-83.441162,,,,
La Salle,Philadelphia Pennsylvania,Pennsylvania,PA,1932,2023,92,2458,1412,1046,0.574,2.51,0.65,6,9,8,12,2,1,41.203323,-77.194527,,,,
Montana,Missoula Montana,Montana,MT,1912,2023,108,2735,1491,1244,0.545,-2.47,-2.58,0,13,11,12,0,0,46.96526,-109.533691,,,,
Old Dominion,Norfolk Virginia,Virginia,VA,1977,2023,47,1445,874,571,0.605,3.07,-0.08,0,9,7,12,0,0,37.926868,-78.024902,,,,
Southern Methodist,Dallas Texas,Texas,TX,1917,2023,107,2659,1403,1256,0.528,2.67,1.84,5,15,3,12,1,0,31,-100,,,,
Auburn,Auburn Alabama,Alabama,AL,1906,2023,117,2668,1438,1229,0.539,5.96,4.28,9,5,2,11,1,0,32.31823,-86.902298,,,,
Charlotte,Charlotte North Carolina,North Carolina,NC,1973,2023,51,1493,816,677,0.547,3.2,1.82,2,6,5,11,1,0,35.782169,-80.793457,,,,
Colorado State,Fort Collins Colorado,Colorado,CO,1902,2023,119,2638,1337,1301,0.507,3,2.34,1,6,1,11,0,0,39.113014,-105.358887,,,,
George Washington,Washington D.C.,Washington D.C.,DC,1913,2023,106,2586,1383,1203,0.535,0.1,-0.22,3,7,5,11,0,0,38.9072,-77.0369,,,,
Miami (FL),Coral Gables Florida,Florida,FL,1949,2023,60,1715,982,733,0.573,3.44,3.49,7,2,1,11,0,0,27.994402,-81.760254,,,,
Mississippi State,Mississippi State Mississippi,Mississippi,MS,1909,2023,111,2729,1489,1240,0.546,4.59,4.36,11,12,5,11,1,0,33,-90,,,,
Navy,Annapolis Maryland,Maryland,MD,1908,2023,116,2548,1450,1098,0.569,-4.77,-4.04,1,9,6,11,0,0,39.045753,-76.641273,,,,
Oklahoma City Chiefs,Oklahoma City Oklahoma,Oklahoma,OK,1951,1985,35,948,530,418,0.559,0.46,-0.91,3,0,1,11,0,0,36.084621,-96.921387,,,,
Saint Mary's (CA),Moraga California,California,CA,1910,2023,114,2681,1413,1268,0.527,-0.42,0.57,5,7,4,11,0,0,36.778259,-119.417931,,,,
Santa Clara,Santa Clara California,California,CA,1909,2023,114,2696,1549,1147,0.575,1.45,0.62,2,11,2,11,1,0,36.778259,-119.417931,,,,
Seattle,Seattle Washington,Washington,WA,1953,2023,41,1127,667,460,0.592,1.14,-1.26,5,1,0,11,1,0,47.751076,-120.740135,,,,
Winthrop,Rock Hill South Carolina,South Carolina,SC,1987,2023,37,1094,609,485,0.557,-7.07,-6.46,1,12,13,11,0,0,33.836082,-81.163727,,,,
East Tennessee State,Johnson City Tennessee,Tennessee,TN,1959,2023,65,1842,1009,833,0.548,-4.02,-3.42,1,11,10,10,0,0,35.860119,-86.660156,,,,
Louisiana,Lafayette Louisiana,Louisiana,LA,1972,2023,52,1489,865,624,0.581,0.45,-1.28,2,10,7,10,0,0,30.39183,-92.329102,,,,
North Carolina A&T,Greensboro North Carolina,North Carolina,NC,1974,2023,50,1446,700,746,0.484,-12.6,-9.35,0,12,14,10,0,0,35.782169,-80.793457,,,,
Rhode Island,Kingston Rhode Island,Rhode Island,RI,1904,2023,117,2744,1562,1182,0.569,-1.01,-0.56,0,15,2,10,0,0,41.742325,-71.742332,,,,
Richmond,Richmond Virginia,Virginia,VA,1913,2023,111,2683,1438,1245,0.536,-1.81,-1.27,1,6,7,10,0,0,37.926868,-78.024902,,,,
Saint Louis,St. Louis Missouri,Missouri,MO,1916,2023,107,2750,1498,1252,0.545,5.26,3.96,10,7,3,10,0,0,38.573936,-92.60376,,,,
Southern Illinois,Carbondale Illinois,Illinois,IL,1968,2023,56,1646,911,735,0.553,2.64,2.01,1,9,5,10,0,0,40,-89,,,,
Texas Southern,Houston Texas,Texas,TX,1978,2023,46,1358,677,681,0.499,-10.15,-7.86,0,12,10,10,0,0,31,-100,,,,
Bradley,Peoria Illinois,Illinois,IL,1903,2023,119,2973,1727,1246,0.581,4.72,2.9,12,7,4,9,2,0,40,-89,,,,
Long Beach State,Long Beach California,California,CA,1970,2023,54,1586,856,730,0.54,0.73,1.12,5,15,5,9,0,0,36.778259,-119.417931,,,,
Massachusetts,Amherst Massachusetts,Massachusetts,MA,1926,2023,64,1817,988,829,0.544,0.83,-0.16,5,15,5,9,1,0,42.407211,-71.382439,,,,
Middle Tennessee,Murfreesboro Tennessee,Tennessee,TN,1959,2023,65,1838,1013,825,0.551,-3.87,-2.77,0,12,7,9,0,0,35.860119,-86.660156,,,,
Mississippi,University Mississippi,Mississippi,MS,1909,2023,113,2730,1363,1365,0.5,2.8,4.45,2,3,2,9,0,0,33,-90,,,,
Nevada,Reno Nevada,Nevada,NV,1913,2023,68,1793,1009,784,0.563,0.76,1.37,4,12,5,9,0,0,39.876019,-117.224121,,,,
Northeastern,Boston Massachusetts,Massachusetts,MA,1938,2023,60,1628,844,784,0.518,-4.61,-4.04,0,14,9,9,0,0,42.407211,-71.382439,,,,
Pacific,Stockton California,California,CA,1938,2023,73,2039,1027,1012,0.504,-1.22,-0.09,1,10,5,9,0,0,36.778259,-119.417931,,,,
Penn State,University Park Pennsylvania,Pennsylvania,PA,1897,2023,127,2759,1528,1230,0.554,2.82,2.35,2,1,1,9,1,0,41.203323,-77.194527,,,,
South Carolina,Columbia South Carolina,South Carolina,SC,1909,2023,115,2773,1472,1300,0.531,4.07,3.54,8,7,2,9,1,0,33.836082,-81.163727,,,,
Southern,Baton Rouge Louisiana,Louisiana,LA,1978,2023,46,1337,694,643,0.519,-10,-9.7,0,8,9,9,0,0,30.39183,-92.329102,,,,
TCU,Fort Worth Texas,Texas,TX,1914,2023,110,2723,1278,1445,0.469,0.52,2.06,3,11,0,9,0,0,31,-100,,,,
Valparaiso,Valparaiso Indiana,Indiana,IN,1918,2023,88,2236,1175,1061,0.525,-4.17,-1.48,0,14,10,9,0,0,40.273502,-86.126976,,,,
Belmont,Nashville Tennessee,Tennessee,TN,2000,2023,24,739,497,242,0.673,1.5,-3.57,0,14,8,8,0,0,35.860119,-86.660156,,,,
Boise State,Boise Idaho,Idaho,ID,1972,2023,52,1516,855,661,0.564,0.88,-0.37,1,7,6,8,0,0,44.068203,-114.742043,,,,
Bucknell,Lewisburg Pennsylvania,Pennsylvania,PA,1896,2023,128,2765,1483,1282,0.536,-8.24,-6.84,0,18,8,8,0,0,41.203323,-77.194527,,,,
Eastern Kentucky,Richmond Kentucky,Kentucky,KY,1948,2023,73,1954,961,993,0.492,-4.75,-2.7,0,8,5,8,0,0,37.839333,-84.27002,,,,
Loyola (IL),Chicago Illinois,Illinois,IL,1921,2023,102,2590,1398,1192,0.54,0.22,1.48,6,7,4,8,2,1,40,-89,,,,
Manhattan,Riverdale New York,New York,NY,1905,2023,117,2711,1412,1299,0.521,-3.68,-2.58,0,13,5,8,0,0,43,-75,,,,
Morehead State,Morehead Kentucky,Kentucky,KY,1956,2023,68,1878,946,932,0.504,-5.78,-3.37,0,9,5,8,0,0,37.839333,-84.27002,,,,
Northern Iowa,Cedar Falls Iowa,Iowa,IA,1981,2023,43,1279,679,600,0.531,1.14,1.59,1,4,6,8,0,0,42.032974,-93.581543,,,,
Robert Morris,Moon Township Pennsylvania,Pennsylvania,PA,1977,2023,47,1378,664,714,0.482,-8.87,-6.57,0,11,9,8,0,0,41.203323,-77.194527,,,,
Rutgers,New Brunswick New Jersey,New Jersey,NJ,1914,2023,109,2551,1300,1251,0.51,-0.31,0.86,2,9,2,8,1,0,39.833851,-74.871826,,,,
South Alabama,Mobile Alabama,Alabama,AL,1972,2023,52,1506,848,658,0.563,-0.88,-1.6,0,12,5,8,0,0,32.31823,-86.902298,,,,
St. Bonaventure,St. Bonaventure New York,New York,NY,1920,2023,103,2493,1425,1068,0.572,2.28,1.56,6,8,2,8,1,0,43,-75,,,,
Vermont,Burlington Vermont,Vermont,VT,1921,2023,68,1836,991,845,0.54,-9.61,-6.95,0,13,8,8,0,0,44,-72.699997,,,,
Austin Peay,Clarksville Tennessee,Tennessee,TN,1964,2023,60,1705,854,851,0.501,-5.56,-3.4,1,8,5,7,0,0,35.860119,-86.660156,,,,
Ball State,Muncie Indiana,Indiana,IN,1972,2023,52,1505,796,709,0.529,-1.02,-0.78,1,12,7,7,0,0,40.273502,-86.126976,,,,
Boston University,Boston Massachusetts,Massachusetts,MA,1916,2023,97,2227,1147,1080,0.515,-6.67,-5.4,0,8,7,7,0,0,42.407211,-71.382439,,,,
Dartmouth,Hanover New Hampshire,New Hampshire,NH,1900,2023,123,2895,1332,1561,0.46,-10.72,-5.07,0,12,0,7,2,0,44,-71.5,,,,
Long Island University,Brooklyn New York,New York,NY,1929,2023,78,2075,1153,920,0.556,-9.42,-6.29,1,9,6,7,0,0,43,-75,,,,
Louisiana-Monroe,Monroe Louisiana,Louisiana,LA,1974,2023,50,1452,745,707,0.513,-5.13,-4.21,0,10,8,7,0,0,30.39183,-92.329102,,,,
Nebraska,Lincoln Nebraska,Nebraska,NE,1897,2023,127,2979,1544,1435,0.518,5.69,6.21,2,7,1,7,0,0,41.5,-100,,,,
Alcorn State,Alcorn State Mississippi,Mississippi,MS,1978,2023,46,1336,578,758,0.433,-13.37,-8.51,0,11,6,6,0,0,33,-90,,,,
Delaware,Newark Delaware,Delaware,DE,1906,2023,82,1980,986,993,0.498,-8.29,-5.84,0,4,6,6,0,0,39,-75.5,,,,
Detroit Mercy,Detroit Michigan,Michigan,MI,1910,2023,114,2741,1454,1287,0.53,-0.09,0.93,2,2,3,6,0,0,44.182205,-84.506836,,,,
Fairleigh Dickinson,Teaneck New Jersey,New Jersey,NJ,1968,2023,56,1554,734,820,0.472,-10.17,-6.95,0,6,6,6,0,0,39.833851,-74.871826,,,,
Fresno State,Fresno California,California,CA,1956,2023,56,1666,934,732,0.561,2.53,1.8,1,6,5,6,0,0,36.778259,-119.417931,,,,
Furman,Greenville South Carolina,South Carolina,SC,1920,2023,102,2589,1311,1278,0.506,-5.69,-4.06,0,6,6,6,0,0,33.836082,-81.163727,,,,
George Mason,Fairfax Virginia,Virginia,VA,1979,2023,45,1330,713,617,0.536,-1.03,-1.34,0,4,4,6,1,0,37.926868,-78.024902,,,,
Georgia State,Atlanta Georgia,Georgia,GA,1974,2023,50,1438,651,787,0.453,-6.83,-3.75,0,8,6,6,0,0,33.247875,-83.441162,,,,
Hampton,Hampton Virginia,Virginia,VA,1996,2023,28,836,427,409,0.511,-9.53,-8.46,0,4,6,6,0,0,37.926868,-78.024902,,,,
Illinois State,Normal Illinois,Illinois,IL,1899,2023,64,1639,961,678,0.586,3.14,1.62,0,6,4,6,0,0,40,-89,,,,
Kent State,Kent Ohio,Ohio,OH,1914,2023,104,2500,1248,1252,0.499,-1.69,-0.3,0,9,6,6,0,0,40.367474,-82.996216,,,,
Lamar,Beaumont Texas,Texas,TX,1970,2023,54,1551,777,774,0.501,-5.35,-4.08,0,9,4,6,0,0,31,-100,,,,
Marshall,Huntington West Virginia,Virginia,VA,1919,2023,99,2556,1458,1096,0.571,-0.79,-1.3,1,6,4,6,0,0,37.926868,-78.024902,,,,
Missouri State,Springfield Missouri,Missouri,MO,1983,2023,41,1263,748,515,0.592,4.28,1.12,0,5,3,6,0,0,38.573936,-92.60376,,,,
Mount St. Mary's,Emmitsburg Maryland,Maryland,MD,1989,2023,35,1018,444,574,0.436,-8.97,-6.28,0,2,6,6,0,0,39.045753,-76.641273,,,,
New York University Violets,New York New York,New York,NY,1907,1971,65,1184,725,459,0.612,-0.4,-0.08,2,6,0,6,2,0,43,-75,,,,
Oral Roberts,Tulsa Oklahoma,Oklahoma,OK,1972,2023,48,1414,796,618,0.563,0.54,-0.85,2,7,6,6,0,0,36.084621,-96.921387,,,,
Siena,Loudonville New York,New York,NY,1939,2023,65,1766,970,796,0.549,-4.07,-3.55,1,11,6,6,0,0,43,-75,,,,
South Dakota State,Brookings South Dakota,South Dakota,SD,2009,2023,15,467,308,159,0.66,2.34,-1.91,0,8,6,6,0,0,44.5,-100,,,,
UC Santa Barbara,Santa Barbara California,California,CA,1964,2023,60,1682,905,777,0.538,-0.18,-0.2,0,5,4,6,0,0,36.778259,-119.417931,,,,
UNC Wilmington,Wilmington North Carolina,North Carolina,NC,1977,2023,47,1372,712,660,0.519,-2.86,-2.38,0,9,6,6,0,0,35.782169,-80.793457,,,,
Washington State,Pullman Washington,Washington,WA,1902,2023,122,3222,1648,1574,0.511,3.25,4.84,3,2,0,6,1,0,47.751076,-120.740135,,,,
Yale,New Haven Connecticut,Connecticut,CT,1896,2023,128,3032,1530,1499,0.505,-6.11,-4.59,1,15,2,6,0,0,41.599998,-72.699997,,,,
Akron,Akron Ohio,Ohio,OH,1902,2023,72,1657,984,673,0.594,-0.08,-1.35,0,9,5,5,0,0,40.367474,-82.996216,,,,
Albany (NY),Albany New York,New York,NY,2000,2023,24,714,349,365,0.489,-7.18,-5.9,0,2,5,5,0,0,43,-75,,,,
Central Florida,Orlando Florida,Florida,FL,1985,2023,39,1139,577,562,0.507,-3.11,-2.07,0,1,4,5,0,0,27.994402,-81.760254,,,,
Colgate,Hamilton New York,New York,NY,1901,2023,123,2778,1348,1430,0.485,-10.34,-5.64,0,7,5,5,0,0,43,-75,,,,
College of Charleston,Charleston South Carolina,South Carolina,SC,1992,2023,32,968,660,308,0.682,1.28,-3.72,2,13,4,5,0,0,33.836082,-81.163727,,,,
Cornell,Ithaca New York,New York,NY,1899,2023,125,2763,1290,1473,0.467,-7.67,-4.56,0,8,0,5,0,0,43,-75,,,,
Drake,Des Moines Iowa,Iowa,IA,1907,2023,117,2832,1321,1511,0.466,1.27,2.83,5,9,1,5,1,0,42.032974,-93.581543,,,,
Drexel,Philadelphia Pennsylvania,Pennsylvania,PA,1895,2023,53,1445,789,656,0.546,-3.35,-4.3,0,7,5,5,0,0,41.203323,-77.194527,,,,
Duquesne,Pittsburgh Pennsylvania,Pennsylvania,PA,1914,2023,107,2612,1445,1167,0.553,1.98,1.92,7,2,1,5,1,0,41.203323,-77.194527,,,,
Evansville,Evansville Indiana,Indiana,IN,1925,2023,50,1402,733,669,0.523,0.59,0.97,0,6,4,5,0,0,40.273502,-86.126976,,,,
Green Bay,Green Bay Wisconsin,Wisconsin,WI,1982,2023,42,1254,669,585,0.533,-1.46,-1.27,0,4,4,5,0,0,44.5,-89.5,,,,
Harvard,Boston Massachusetts,Massachusetts,MA,1901,2023,112,2547,1193,1354,0.468,-8,-4.88,0,7,0,5,0,0,42.407211,-71.382439,,,,
Hawaii,Honolulu Hawaii,Hawaii,HI,1971,2023,53,1525,808,717,0.53,1.88,1.55,1,3,4,5,0,0,19.741755,-155.844437,,,,
Idaho State,Pocatello Idaho,Idaho,ID,1959,2023,65,1780,775,1005,0.435,-6.59,-2.73,0,4,2,5,0,0,44.068203,-114.742043,,,,
Jacksonville,Jacksonville Florida,Florida,FL,1967,2023,57,1623,800,823,0.493,-3.63,-1.98,2,2,2,5,1,0,27.994402,-81.760254,,,,
James Madison,Harrisonburg Virginia,Virginia,VA,1977,2023,47,1375,700,675,0.509,-2.08,-2.29,0,8,3,5,0,0,37.926868,-78.024902,,,,
Lehigh,Bethlehem Pennsylvania,Pennsylvania,PA,1902,2023,122,2608,1139,1469,0.437,-12.99,-7.45,0,4,5,5,0,0,41.203323,-77.194527,,,,
Liberty,Lynchburg Virginia,Virginia,VA,1989,2023,35,1059,533,526,0.503,-8.56,-6.56,0,6,6,5,0,0,37.926868,-78.024902,,,,
Little Rock,Little Rock Arkansas,Arkansas,AR,1979,2023,45,1323,719,604,0.543,-3.75,-3.46,0,13,5,5,0,0,34.799999,-92.199997,,,,
Louisiana Tech,Ruston Louisiana,Louisiana,LA,1974,2023,50,1484,871,613,0.587,0.17,-1.57,1,11,6,5,0,0,30.39183,-92.329102,,,,
Loyola Marymount,Los Angeles California,California,CA,1943,2023,76,2081,909,1172,0.437,-3.87,0.5,2,3,2,5,0,0,36.778259,-119.417931,,,,
Mississippi Valley State,Itta Bena Mississippi,Mississippi,MS,1980,2023,44,1271,483,788,0.38,-15.08,-8.58,0,7,5,5,0,0,33,-90,,,,
New Orleans,New Orleans Louisiana,Louisiana,LA,1976,2023,46,1329,717,612,0.54,-2.83,-2.52,2,8,4,5,0,0,30.39183,-92.329102,,,,
South Carolina State,Orangeburg South Carolina,South Carolina,SC,1972,2023,52,1506,715,791,0.475,-13.55,-10.19,0,8,5,5,0,0,33.836082,-81.163727,,,,
Stephen F. Austin,Nacogdoches Texas,Texas,TX,1987,2023,37,1064,619,445,0.582,-5.25,-6.45,0,10,5,5,0,0,31,-100,,,,
Wofford,Spartanburg South Carolina,South Carolina,SC,1996,2023,28,837,425,412,0.508,-4.56,-2.52,1,4,5,5,0,0,33.836082,-81.163727,,,,
Air Force,USAF Academy Colorado,Colorado,CO,1958,2023,66,1789,776,1013,0.434,-2.79,1.22,0,1,0,4,0,0,39.113014,-105.358887,,,,
Alabama State,Montgomery Alabama,Alabama,AL,1983,2023,41,1185,554,631,0.468,-13.35,-9.79,0,4,4,4,0,0,32.31823,-86.902298,,,,
Bowling Green State,Bowling Green Ohio,Ohio,OH,1916,2023,108,2668,1438,1230,0.539,-0.62,-0.03,2,9,0,4,0,0,40.367474,-82.996216,,,,
Buffalo,Buffalo New York,New York,NY,1907,2023,54,1300,672,628,0.517,-4.25,-2.16,1,5,4,4,0,0,43,-75,,,,
Cal State Fullerton,Fullerton California,California,CA,1975,2023,49,1400,666,734,0.476,-2.02,-0.35,0,2,4,4,0,0,36.778259,-119.417931,,,,
Canisius,Buffalo New York,New York,NY,1904,2023,119,2658,1339,1319,0.504,-3.85,-1.76,1,8,1,4,0,0,43,-75,,,,
Central Michigan,Mount Pleasant Michigan,Michigan,MI,1974,2023,50,1418,620,798,0.437,-4.19,-0.52,0,8,2,4,0,0,44.182205,-84.506836,,,,
Coastal Carolina,Conway South Carolina,South Carolina,SC,1987,2023,37,1090,561,529,0.515,-7.77,-6.09,0,7,5,4,0,0,33.836082,-81.163727,,,,
Coppin State,Baltimore Maryland,Maryland,MD,1986,2023,38,1127,510,617,0.453,-10.87,-7.85,0,11,4,4,0,0,39.045753,-76.641273,,,,
Eastern Michigan,Ypsilanti Michigan,Michigan,MI,1933,2023,51,1477,693,784,0.469,-3.51,-0.39,0,5,4,4,0,0,44.182205,-84.506836,,,,
Fordham,Bronx New York,New York,NY,1903,2023,119,2990,1553,1437,0.519,-2.75,-0.26,1,4,3,4,0,0,43,-75,,,,
Hofstra,Hempstead New York,New York,NY,1943,2023,58,1661,867,794,0.522,-5.6,-4.22,0,9,6,4,0,0,43,-75,,,,
Idaho,Moscow Idaho,Idaho,ID,1906,2023,118,2940,1365,1573,0.465,-4.45,-1.25,1,7,4,4,0,0,44.068203,-114.742043,,,,
Indiana State,Terre Haute Indiana,Indiana,IN,1900,2023,101,2264,1168,1096,0.516,-0.08,1.75,1,2,3,4,1,0,40.273502,-86.126976,,,,
Lafayette,Easton Pennsylvania,Pennsylvania,PA,1901,2023,113,2687,1372,1315,0.511,-8.14,-6.79,0,18,3,4,0,0,41.203323,-77.194527,,,,
Milwaukee,Milwaukee Wisconsin,Wisconsin,WI,1974,2023,40,1159,561,598,0.484,-4.08,-1.64,0,4,4,4,0,0,44.5,-89.5,,,,
Monmouth,West Long Branch New Jersey,New Jersey,NJ,1984,2023,40,1172,563,609,0.48,-7.94,-5.9,0,5,4,4,0,0,39.833851,-74.871826,,,,
North Carolina Central,Durham North Carolina,North Carolina,NC,2011,2023,13,380,226,154,0.595,-7.29,-8.19,0,4,4,4,0,0,35.782169,-80.793457,,,,
North Dakota State,Fargo North Dakota,North Dakota,ND,1898,2023,44,839,573,266,0.683,-0.84,-2.54,0,4,5,4,0,0,47.650589,-100.437012,,,,
North Texas,Denton Texas,Texas,TX,1922,2023,68,1861,850,1011,0.457,-4.29,-0.31,0,5,4,4,0,0,31,-100,,,,
Rice,Houston Texas,Texas,TX,1915,2023,109,2654,1164,1490,0.439,-3.41,0.59,0,10,0,4,0,0,31,-100,,,,
Saint Peter's,Jersey City New Jersey,New Jersey,NJ,1966,2023,58,1642,820,822,0.499,-5.06,-4.07,0,6,4,4,0,0,39.833851,-74.871826,,,,
San Diego,San Diego California,California,CA,1980,2023,44,1267,623,644,0.492,-0.47,0.74,0,2,2,4,0,0,36.778259,-119.417931,,,,
Toledo,Toledo Ohio,Ohio,OH,1916,2023,108,2640,1523,1117,0.577,1.08,-0.33,2,14,1,4,0,0,40.367474,-82.996216,,,,
UNC Asheville,Asheville North Carolina,North Carolina,NC,1987,2023,37,1079,520,559,0.482,-9.36,-5.56,0,7,5,4,0,0,35.782169,-80.793457,,,,
UNC Greensboro,Greensboro North Carolina,North Carolina,NC,1992,2023,32,958,466,492,0.486,-6.02,-4.09,0,7,4,4,0,0,35.782169,-80.793457,,,,
UTSA,San Antonio Texas,Texas,TX,1982,2023,42,1220,606,614,0.497,-5.97,-4.33,0,3,4,4,0,0,31,-100,,,,
Western Michigan,Kalamazoo Michigan,Michigan,MI,1914,2023,110,2640,1362,1277,0.516,-3.15,-0.26,1,11,2,4,0,0,44.182205,-84.506836,,,,
Wright State,Dayton Ohio,Ohio,OH,1988,2023,36,1071,600,471,0.56,-1.41,-2.56,0,4,4,4,0,0,40.367474,-82.996216,,,,
American,Washington D.C.,Washington D.C.,DC,1967,2023,57,1582,774,808,0.489,-5.7,-3.9,0,7,3,3,0,0,38.9072,-77.0369,,,,
Appalachian State,Boone North Carolina,North Carolina,NC,1974,2023,50,1457,716,741,0.491,-5.74,-3.28,0,10,3,3,0,0,35.782169,-80.793457,,,,
Central Connecticut State,New Britain Connecticut,Connecticut,CT,1987,2023,37,1054,408,646,0.387,-12.92,-7.41,0,3,3,3,0,0,41.599998,-72.699997,,,,
Cleveland State,Cleveland Ohio,Ohio,OH,1973,2023,51,1479,739,740,0.5,-3.42,-1.85,0,6,3,3,0,0,40.367474,-82.996216,,,,
Columbia,New York New York,New York,NY,1901,2023,123,2684,1315,1369,0.49,-7.95,-5.15,2,13,0,3,0,0,43,-75,,,,
Eastern Washington,Cheney Washington,Washington,WA,1984,2023,40,1149,509,640,0.443,-5.96,-2.37,0,4,3,3,0,0,47.751076,-120.740135,,,,
Fairfield,Fairfield Connecticut,Connecticut,CT,1965,2023,59,1674,807,867,0.482,-4.57,-3.05,0,3,3,3,0,0,41.599998,-72.699997,,,,
Florida A&M,Tallahassee Florida,Florida,FL,1980,2023,44,1269,488,781,0.385,-15.8,-8.61,0,0,4,3,0,0,27.994402,-81.760254,,,,
Florida Gulf Coast,Fort Myers Florida,Florida,FL,2011,2023,13,395,227,168,0.575,-2.43,-3.6,0,3,3,3,0,0,27.994402,-81.760254,,,,
Georgia Southern,Statesboro Georgia,Georgia,GA,1972,2023,52,1495,764,731,0.511,-6.89,-5.02,0,7,3,3,0,0,33.247875,-83.441162,,,,
Illinois-Chicago,Chicago Illinois,Illinois,IL,1982,2023,42,1251,600,651,0.48,-3.25,-1.53,0,2,2,3,0,0,40,-89,,,,
Jackson State,Jackson Mississippi,Mississippi,MS,1978,2023,46,1351,633,718,0.469,-11.19,-8.61,0,7,4,3,0,0,33,-90,,,,
Mercer,Macon Georgia,Georgia,GA,1974,2023,50,1457,701,756,0.481,-7.51,-5.15,0,3,3,3,0,0,33.247875,-83.441162,,,,
Montana State,Bozeman Montana,Montana,MT,1902,2023,112,2716,1487,1229,0.547,-5.18,-2.7,0,11,3,3,0,0,46.96526,-109.533691,,,,
Niagara,Niagara University New York,New York,NY,1906,2023,117,2805,1509,1295,0.538,-3.08,-1.82,2,10,2,3,0,0,43,-75,,,,
Norfolk State,Norfolk Virginia,Virginia,VA,1998,2023,26,780,388,392,0.497,-10.72,-8.14,0,4,3,3,0,0,37.926868,-78.024902,,,,
Northern Illinois,De Kalb Illinois,Illinois,IL,1927,2023,57,1575,702,873,0.446,-4.33,-1.22,0,4,2,3,0,0,40,-89,,,,
Northwestern State,Natchitoches Louisiana,Louisiana,LA,1977,2023,47,1342,590,752,0.44,-9.92,-5.52,0,3,3,3,0,0,30.39183,-92.329102,,,,
Oakland,Rochester Michigan,Michigan,MI,2000,2023,24,752,402,350,0.535,-1.97,-1.5,0,4,3,3,0,0,44.182205,-84.506836,,,,
Radford,Radford Virginia,Virginia,VA,1985,2023,39,1147,597,550,0.52,-8.61,-6.77,0,6,3,3,0,0,37.926868,-78.024902,,,,
Rider,Lawrenceville New Jersey,New Jersey,NJ,1929,2023,60,1682,878,804,0.522,-7.39,-5.94,0,12,3,3,0,0,39.833851,-74.871826,,,,
South Florida,Tampa Florida,Florida,FL,1974,2023,50,1456,657,799,0.451,1.16,3.08,0,1,1,3,0,0,27.994402,-81.760254,,,,
Southern Mississippi,Hattiesburg Mississippi,Mississippi,MS,1973,2023,51,1484,756,728,0.509,0.46,1.66,1,2,0,3,0,0,33,-90,,,,
Tulane,New Orleans Louisiana,Louisiana,LA,1906,2023,113,2608,1260,1348,0.483,-0.95,1.21,1,6,0,3,0,0,30.39183,-92.329102,,,,
Virginia Military Institute,Lexington Virginia,Virginia,VA,1909,2023,115,2529,938,1591,0.371,-12.71,-4.67,1,2,3,3,0,0,37.926868,-78.024902,,,,
Abilene Christian,Abilene Texas,Texas,TX,1971,2023,13,368,202,166,0.549,-8.72,-6.42,0,0,2,2,0,0,31,-100,,,,
Brown,Providence Rhode Island,Rhode Island,RI,1901,2023,117,2638,1077,1561,0.408,-10.69,-4.56,0,1,0,2,0,0,41.742325,-71.742332,,,,
Cal State Northridge,Northridge California,California,CA,1991,2023,33,955,401,554,0.42,-5.76,-1.81,0,3,2,2,0,0,36.778259,-119.417931,,,,
City College of New York,New York New York,New York,NY,1906,1953,48,725,517,208,0.713,-0.07,2.71,0,1,0,2,2,1,43,-75,,,,
East Carolina,Greenville North Carolina,North Carolina,NC,1967,2023,57,1602,704,898,0.439,-4.52,-1.08,0,0,2,2,0,0,35.782169,-80.793457,,,,
Eastern Illinois,Charleston Illinois,Illinois,IL,1982,2023,42,1214,545,669,0.449,-8.03,-4.31,0,0,3,2,0,0,40,-89,,,,
Hardin-Simmons Cowboys,Abilene Texas,Texas,TX,1923,1990,45,1149,481,668,0.419,-11.07,-5.69,0,1,0,2,0,0,31,-100,,,,
Howard,Washington D.C.,Washington D.C.,DC,1974,2023,50,1399,544,855,0.389,-15,-9.43,0,4,3,2,0,0,38.9072,-77.0369,,,,
Jacksonville State,Jacksonville Alabama,Alabama,AL,1996,2023,28,811,364,447,0.449,-8.68,-6.09,0,1,1,2,0,0,32.31823,-86.902298,,,,
Loyola (LA) Wolfpack,New Orleans Louisiana,Louisiana,LA,1952,1972,20,499,237,262,0.475,-6.42,0.29,0,0,0,2,0,0,30.39183,-92.329102,,,,
Loyola (MD),Baltimore Maryland,Maryland,MD,1908,2023,79,1825,832,993,0.456,-8.95,-4.78,0,0,2,2,0,0,39.045753,-76.641273,,,,
Marist,Poughkeepsie New York,New York,NY,1982,2023,42,1213,531,682,0.438,-7.48,-5.72,0,5,2,2,0,0,43,-75,,,,
Maryland-Baltimore County,Baltimore Maryland,Maryland,MD,1987,2023,37,1069,441,628,0.413,-10.77,-6.55,0,3,2,2,0,0,39.045753,-76.641273,,,,
McNeese State,Lake Charles Louisiana,Louisiana,LA,1974,2023,50,1423,670,753,0.471,-7.73,-4.82,0,6,2,2,0,0,30.39183,-92.329102,,,,
Morgan State,Baltimore Maryland,Maryland,MD,1985,2023,39,1124,422,702,0.375,-14.99,-8.75,0,3,2,2,0,0,39.045753,-76.641273,,,,
Nicholls State,Thibodaux Louisiana,Louisiana,LA,1981,2023,43,1203,510,693,0.424,-11.65,-5.73,0,5,2,2,0,0,30.39183,-92.329102,,,,
Northern Arizona,Flagstaff Arizona,Arizona,AZ,1919,2023,84,2000,897,1103,0.449,-8.15,-2.88,0,6,2,2,0,0,34.048927,-111.093735,,,,
Northern Kentucky,Highland Heights Kentucky,Kentucky,KY,2013,2023,11,317,176,141,0.555,-3.06,-3.64,0,2,3,2,0,0,37.839333,-84.27002,,,,
Portland,Portland Oregon,Oregon,OR,1954,2023,70,1963,827,1136,0.421,-5.11,0.76,0,0,1,2,0,0,44,-120.5,,,,
Portland State,Portland Oregon,Oregon,OR,1973,2023,34,962,470,492,0.489,-5.65,-2.71,0,2,2,2,0,0,44,-120.5,,,,
Prairie View,Prairie View Texas,Texas,TX,1981,2023,43,1222,376,846,0.308,-19.86,-8.11,0,4,2,2,0,0,31,-100,,,,
Sam Houston State,Huntsville Texas,Texas,TX,1987,2023,37,1083,576,507,0.532,-6.12,-5.01,0,6,2,2,0,0,31,-100,,,,
Samford,Birmingham Alabama,Alabama,AL,1973,2023,51,1452,636,816,0.438,-8.65,-5.14,0,3,2,2,0,0,32.31823,-86.902298,,,,
San Jose State,San Jose California,California,CA,1938,2023,73,1981,780,1201,0.394,-4.41,0.81,0,1,2,2,0,0,36.778259,-119.417931,,,,
Tennessee State,Nashville Tennessee,Tennessee,TN,1978,2023,46,1300,551,749,0.424,-8.69,-4.77,0,2,2,2,0,0,35.860119,-86.660156,,,,
Tennessee Tech,Cookeville Tennessee,Tennessee,TN,1944,2023,69,1872,904,968,0.483,-6.72,-3.51,0,7,1,2,0,0,35.860119,-86.660156,,,,
Texas A&M-Corpus Christi,Corpus Christi Texas,Texas,TX,2003,2023,21,625,319,306,0.51,-6.3,-4.88,0,1,2,2,0,0,31,-100,,,,
Texas State,San Marcos Texas,Texas,TX,1985,2023,39,1123,530,593,0.472,-7.78,-5.42,0,5,2,2,0,0,31,-100,,,,
Towson,Towson Maryland,Maryland,MD,1980,2023,44,1281,552,729,0.431,-7.37,-4.24,0,5,3,2,0,0,39.045753,-76.641273,,,,
Troy,Troy Alabama,Alabama,AL,1994,2023,30,878,417,461,0.475,-7.2,-4.78,0,6,2,2,0,0,32.31823,-86.902298,,,,
UC Irvine,Irvine California,California,CA,1978,2023,46,1362,686,676,0.504,-0.94,0.3,0,7,2,2,0,0,36.778259,-119.417931,,,,
Alabama A&M,Normal Alabama,Alabama,AL,2000,2023,24,662,252,410,0.381,-16.83,-11.05,0,1,1,1,0,0,32.31823,-86.902298,,,,
Arkansas State,State University Arkansas,Arkansas,AR,1971,2023,53,1513,777,736,0.514,-3.71,-3.05,0,7,1,1,0,0,34.799999,-92.199997,,,,
Arkansas-Pine Bluff,Pine Bluff Arkansas,Arkansas,AR,1999,2023,25,733,213,520,0.291,-19.24,-7.63,0,0,1,1,0,0,34.799999,-92.199997,,,,
Binghamton,Binghamton New York,New York,NY,2002,2023,22,629,224,405,0.356,-11.36,-5.58,0,1,1,1,0,0,43,-75,,,,
Bryant,Smithfield Rhode Island,Rhode Island,RI,2011,2023,13,372,155,217,0.417,-9.15,-5.46,0,1,1,1,0,0,41.742325,-71.742332,,,,
Cal Poly,San Luis Obispo California,California,CA,1995,2023,29,824,318,506,0.386,-7.08,-1.74,0,1,1,1,0,0,36.778259,-119.417931,,,,
Cal State Bakersfield,Bakersfield California,California,CA,2011,2023,13,379,185,194,0.488,-4.89,-2.74,0,1,1,1,0,0,36.778259,-119.417931,,,,
Cal State Los Angeles Golden Eagles,Los Angeles California,California,CA,1971,1975,5,130,70,60,0.538,-1.89,1.34,0,0,0,1,0,0,36.778259,-119.417931,,,,
Campbell,Buies Creek North Carolina,North Carolina,NC,1978,2023,46,1308,555,753,0.424,-12.01,-6.92,0,2,1,1,0,0,35.782169,-80.793457,,,,
Catholic Cardinals,Washington D.C.,Washington D.C.,DC,1913,1981,13,248,122,126,0.492,-15.98,-6.69,0,0,0,1,0,0,38.9072,-77.0369,,,,
Charleston Southern,Charleston South Carolina,South Carolina,SC,1975,2023,49,1382,561,821,0.406,-13.27,-6.95,0,4,4,1,0,0,33.836082,-81.163727,,,,
Delaware State,Dover Delaware,Delaware,DE,1974,2023,50,1415,542,873,0.383,-16.95,-9.87,0,3,1,1,0,0,39,-75.5,,,,
Florida Atlantic,Boca Raton Florida,Florida,FL,1994,2023,30,868,335,533,0.386,-7.82,-3.22,0,1,1,1,0,0,27.994402,-81.760254,,,,
Florida International,Miami Florida,Florida,FL,1988,2023,36,1049,426,623,0.406,-8.06,-3.41,0,1,1,1,0,0,27.994402,-81.760254,,,,
Gardner-Webb,Boiling Springs North Carolina,North Carolina,NC,2003,2023,21,634,297,337,0.468,-7.33,-4.51,0,1,1,1,0,0,35.782169,-80.793457,,,,
Grand Canyon,Phoenix Arizona,Arizona,AZ,2014,2023,10,289,183,106,0.633,0.59,-3.43,0,1,1,1,0,0,34.048927,-111.093735,,,,
Hartford,West Hartford Connecticut,Connecticut,CT,1985,2023,39,1137,485,652,0.427,-9.38,-5.52,0,0,1,1,0,0,41.599998,-72.699997,,,,
Houston Christian,Houston Texas,Texas,TX,1974,2023,29,811,325,486,0.401,-12.19,-5.87,0,2,1,1,0,0,31,-100,,,,
IUPUI,Indianapolis Indiana,Indiana,IN,1999,2023,25,741,330,411,0.445,-6.8,-2.86,0,1,1,1,0,0,40.273502,-86.126976,,,,
Lipscomb,Nashville Tennessee,Tennessee,TN,2004,2023,20,598,316,282,0.528,-5.26,-4.17,0,3,1,1,0,0,35.860119,-86.660156,,,,
Longwood,Farmville Virginia,Virginia,VA,2008,2023,16,487,183,304,0.376,-13.36,-5.51,0,1,1,1,0,0,37.926868,-78.024902,,,,
North Dakota,Grand Forks North Dakota,North Dakota,ND,1905,2023,30,584,325,259,0.557,-8.48,-3.92,0,1,3,1,0,0,47.650589,-100.437012,,,,
North Florida,Jacksonville Florida,Florida,FL,2010,2023,14,424,205,219,0.483,-6.32,-1.75,0,3,1,1,0,0,27.994402,-81.760254,,,,
Northern Colorado,Greeley Colorado,Colorado,CO,1911,2023,44,834,450,384,0.54,-4.15,-3.55,0,3,1,1,0,0,39.113014,-105.358887,,,,
Northwestern,Evanston Illinois,Illinois,IL,1905,2023,118,2701,1125,1575,0.417,3.6,7.37,0,2,0,1,0,0,40,-89,,,,
Saint Francis (PA),Loretto Pennsylvania,Pennsylvania,PA,1956,2023,68,1836,817,1019,0.445,-9.31,-4.51,0,2,1,1,0,0,41.203323,-77.194527,,,,
Southeast Missouri State,Cape Girardeau Missouri,Missouri,MO,1992,2023,32,926,384,542,0.415,-8.64,-4.71,0,1,1,1,0,0,38.573936,-92.60376,,,,
Southeastern Louisiana,Hammond Louisiana,Louisiana,LA,1981,2023,42,1199,521,678,0.435,-10.9,-6.14,0,5,1,1,0,0,30.39183,-92.329102,,,,
Southern Utah,Cedar City Utah,Utah,UT,1989,2023,35,1005,446,559,0.444,-6.86,-3.59,0,3,3,1,0,0,39.41922,-111.950684,,,,
Stony Brook,Stony Brook New York,New York,NY,2000,2023,24,712,360,352,0.506,-7,-5.24,0,4,1,1,0,0,43,-75,,,,
UC Davis,Davis California,California,CA,2008,2023,16,463,209,254,0.451,-5.51,-2.73,0,2,1,1,0,0,36.778259,-119.417931,,,,
UT Arlington,Arlington Texas,Texas,TX,1969,2023,55,1561,718,843,0.46,-7.87,-4.24,0,3,1,1,0,0,31,-100,,,,
Wagner,Staten Island New York,New York,NY,1966,2023,51,1434,703,731,0.49,-9.51,-7.36,0,4,1,1,0,0,43,-75,,,,
West Texas A&M Buffaloes,Canyon Texas,Texas,TX,1921,1986,54,1275,707,568,0.555,-6.34,-1.64,0,4,0,1,0,0,31,-100,,,,
Western Carolina,Cullowhee North Carolina,North Carolina,NC,1977,2023,47,1363,595,768,0.437,-8.61,-3.75,0,3,1,1,0,0,35.782169,-80.793457,,,,
Armstrong Pirates,Savannah Georgia,Georgia,GA,1987,1987,1,28,6,22,0.214,-21.6,-4.78,0,0,0,0,0,0,33.247875,-83.441162,,,,
Army,West Point New York,New York,NY,1903,2023,121,2578,1281,1297,0.497,-9.09,-4.63,0,0,0,0,0,0,43,-75,,,,
Augusta State Jaguars,Augusta Georgia,Georgia,GA,1985,1991,7,197,64,133,0.325,-17.3,-7.99,0,0,0,0,0,0,33.247875,-83.441162,,,,
Baldwin-Wallace Yellow Jackets,Berea Ohio,Ohio,OH,1948,1953,6,139,82,57,0.59,-4.46,1.83,0,0,0,0,0,0,40.367474,-82.996216,,,,
Baltimore Super Bees,Baltimore Maryland,Maryland,MD,1979,1983,5,133,46,87,0.346,-13.75,-6.44,0,0,0,0,0,0,39.045753,-76.641273,,,,
Bellarmine,Louisville Kentucky,Kentucky,KY,2021,2023,3,63,36,27,0.571,-3.72,0.31,0,0,1,0,0,0,37.839333,-84.27002,,,,
Bethune-Cookman,Daytona Beach Florida,Florida,FL,1981,2023,42,1223,446,777,0.365,-16.51,-9.61,0,2,0,0,0,0,27.994402,-81.760254,,,,
Birmingham-Southern Panthers,Birmingham Alabama,Alabama,AL,1920,2006,5,105,65,40,0.619,-5.44,-8.72,0,1,0,0,0,0,32.31823,-86.902298,,,,
Brooklyn Bulldogs,Brooklyn New York,New York,NY,1934,1992,25,567,233,334,0.411,-19.22,-9.63,0,0,0,0,0,0,43,-75,,,,
California Baptist,Riverside California,California,CA,2019,2023,5,128,73,55,0.57,-3.03,-4.43,0,0,0,0,0,0,36.778259,-119.417931,,,,
Carnegie Mellon Tartans,Pittsburgh Pennsylvania,Pennsylvania,PA,1933,1939,7,87,40,47,0.46,,,0,2,0,0,0,0,41.203323,-77.194527,,,,
Case Western Reserve Spartans,Cleveland Ohio,Ohio,OH,1898,1955,13,245,95,150,0.388,-18.31,-2.69,0,0,0,0,0,0,40.367474,-82.996216,,,,
Centenary (LA) Gents,Shreveport Louisiana,Louisiana,LA,1960,2011,52,1435,637,798,0.444,-8.73,-3.97,1,1,1,0,0,0,30.39183,-92.329102,,,,
Central Arkansas,Conway Arkansas,Arkansas,AR,2011,2023,13,368,113,255,0.307,-14,-4.67,0,0,0,0,0,0,34.799999,-92.199997,,,,
Chicago Maroons,Chicago Illinois,Illinois,IL,1896,1946,46,862,419,443,0.486,,,0,6,0,0,0,0,40,-89,,,,
Chicago State,Chicago Illinois,Illinois,IL,1985,2023,39,1102,282,820,0.256,-15.7,-2.05,0,0,1,0,0,0,40,-89,,,,
Denison Big Red,Granville Ohio,Ohio,OH,1905,1944,24,362,269,93,0.743,,,0,0,0,0,0,0,40.367474,-82.996216,,,,
Denver,Denver Colorado,Colorado,CO,1904,2023,100,2166,968,1198,0.447,-4.19,-1.01,0,4,0,0,0,0,39.113014,-105.358887,,,,
Dickinson College Red Devils,Carlisle Pennsylvania,Pennsylvania,PA,1926,1947,2,34,30,4,0.882,,,0,0,0,0,0,0,41.203323,-77.194527,,,,
Elon,Elon North Carolina,North Carolina,NC,2000,2023,24,711,299,412,0.421,-8.45,-3.41,0,2,0,0,0,0,35.782169,-80.793457,,,,
Geneva Golden Tornadoes,Beaver Falls Pennsylvania,Pennsylvania,PA,1893,1943,10,125,80,45,0.64,,,0,0,0,0,0,0,41.203323,-77.194527,,,,
Gettysburg,Gettysburg Pennsylvania,Pennsylvania,PA,1901,1973,41,724,385,339,0.532,-15.94,-9.75,0,0,0,0,0,0,41.203323,-77.194527,,,,
Grambling,Grambling Louisiana,Louisiana,LA,1978,2023,46,1292,490,802,0.379,-16.82,-9.18,0,3,0,0,0,0,30.39183,-92.329102,,,,
Grinnell Pioneers,Grinnell Iowa,Iowa,IA,1901,1939,38,550,280,270,0.509,,,0,0,0,0,0,0,42.032974,-93.581543,,,,
Hamline,St. Paul Minnesota,Minnesota,MN,1945,1948,4,102,82,20,0.804,,,0,0,0,0,0,0,46.39241,-94.63623,,,,
High Point,High Point North Carolina,North Carolina,NC,2000,2023,24,703,334,369,0.475,-8.82,-6.07,0,4,0,0,0,0,35.782169,-80.793457,,,,
Incarnate Word,San Antonio Texas,Texas,TX,2014,2023,10,268,110,158,0.41,-13.69,-6.17,0,0,0,0,0,0,31,-100,,,,
John Carroll Blue Streaks,University Heights Ohio,Ohio,OH,1948,1955,8,191,80,111,0.419,-9.27,-0.2,0,0,0,0,0,0,40.367474,-82.996216,,,,
Kansas City,Kansas City Missouri,Missouri,MO,1990,2023,34,987,425,562,0.431,-6.7,-3.05,0,0,0,0,0,0,38.573936,-92.60376,,,,
Kennesaw State,Kennesaw Georgia,Georgia,GA,2010,2023,14,405,108,297,0.267,-12.66,-3.04,0,0,0,0,0,0,33.247875,-83.441162,,,,
Kentucky Wesleyan Panthers,Owensboro Kentucky,Kentucky,KY,1957,1958,2,52,30,22,0.577,-4.61,-2.27,0,0,0,0,0,0,37.839333,-84.27002,,,,
Lawrence,Appleton Wisconsin,Wisconsin,WI,1948,1948,1,28,22,6,0.786,,,0,0,0,0,0,0,44.5,-89.5,,,,
Lindenwood,St. Charles Missouri,Missouri,MO,2023,2023,1,10,4,6,0.4,-13.04,-2.04,0,0,0,0,0,0,38.573936,-92.60376,,,,
Maine,Orono Maine,Maine,ME,1904,2023,79,1876,820,1056,0.437,-12.19,-7.17,0,0,0,0,0,0,45.367584,-68.972168,,,,
Maryland-Eastern Shore,Princess Anne Maryland,Maryland,MD,1974,2023,43,1223,353,870,0.289,-19.66,-9.19,0,1,1,0,0,0,39.045753,-76.641273,,,,
Massachusetts-Lowell,Lowell Massachusetts,Massachusetts,MA,1906,2023,11,291,134,157,0.46,-8.33,-5.82,0,0,0,0,0,0,42.407211,-71.382439,,,,
Merchant Marine Mariners,King's Point New York,New York,NY,1946,1947,2,39,13,26,0.333,,,0,0,0,0,0,0,43,-75,,,,
Merrimack,North Andover Massachusetts,Massachusetts,MA,2020,2023,4,88,44,44,0.5,-11.17,-4.91,0,1,0,0,0,0,42.407211,-71.382439,,,,
Morris Brown Wolverines,Atlanta Georgia,Georgia,GA,2002,2003,2,57,13,44,0.228,-25.81,-6.02,0,0,0,0,0,0,33.247875,-83.441162,,,,
Muhlenberg Mules,Allentown Pennsylvania,Pennsylvania,PA,1901,1963,56,1064,579,484,0.545,-10.29,-4.31,0,3,0,0,0,0,41.203323,-77.194527,,,,
New Hampshire,Durham New Hampshire,New Hampshire,NH,1927,2023,71,1804,631,1173,0.35,-14.44,-7.04,0,1,0,0,0,0,44,-71.5,,,,
NJIT,Newark New Jersey,New Jersey,NJ,2010,2023,14,401,185,216,0.461,-10.23,-6.2,0,1,0,0,0,0,39.833851,-74.871826,,,,
North Alabama,Florence Alabama,Alabama,AL,2019,2023,5,125,50,75,0.4,-10.91,-4.64,0,0,0,0,0,0,32.31823,-86.902298,,,,
Northeastern Illinois Golden Eagles,Chicago Illinois,Illinois,IL,1991,1998,8,216,78,138,0.361,-14.9,-6.65,0,0,0,0,0,0,40,-89,,,,
Omaha,Omaha Nebraska,Nebraska,NE,2013,2023,11,315,135,180,0.429,-7.34,-1.7,0,0,0,0,0,0,41.5,-100,,,,
Presbyterian,Clinton South Carolina,South Carolina,SC,2011,2023,13,380,129,251,0.339,-13.53,-5.28,0,0,0,0,0,0,33.836082,-81.163727,,,,
Purdue-Fort Wayne,Fort Wayne Indiana,Indiana,IN,2003,2023,21,627,297,330,0.474,-6.23,-2.78,0,2,0,0,0,0,40.273502,-86.126976,,,,
Queens (NC),Charlotte North Carolina,North Carolina,NC,2023,2023,1,9,7,2,0.778,-1.07,-3.4,0,0,0,0,0,0,35.782169,-80.793457,,,,
Quinnipiac,Hamden Connecticut,Connecticut,CT,1999,2023,25,721,344,377,0.477,-7.8,-6.64,0,1,0,0,0,0,41.599998,-72.699997,,,,
Regis (CO) Rangers,Denver Colorado,Colorado,CO,1962,1964,3,66,37,29,0.561,-4.78,0.03,0,0,0,0,0,0,39.113014,-105.358887,,,,
Rochester (NY) Yellowjackets,Rochester New York,New York,NY,1910,1944,7,111,74,37,0.667,,,0,0,0,0,0,0,43,-75,,,,
Sacramento State,Sacramento California,California,CA,1992,2023,32,887,281,606,0.317,-11.88,-2.99,0,0,0,0,0,0,36.778259,-119.417931,,,,
Sacred Heart,Fairfield Connecticut,Connecticut,CT,2000,2023,24,687,268,419,0.39,-11.17,-7.13,0,0,0,0,0,0,41.599998,-72.699997,,,,
Savannah State Tigers,Savannah Georgia,Georgia,GA,2003,2019,17,513,189,324,0.368,-16.73,-5.37,0,2,0,0,0,0,33.247875,-83.441162,,,,
Scranton Royals,Scranton Pennsylvania,Pennsylvania,PA,1948,1948,1,27,7,20,0.259,,,0,0,0,0,0,0,41.203323,-77.194527,,,,
Sewanee Tigers,Sewanee Tennessee,Tennessee,TN,1923,1941,19,248,48,200,0.194,,,0,0,0,0,0,0,35.860119,-86.660156,,,,
South Carolina Upstate,Spartanburg South Carolina,South Carolina,SC,2011,2023,13,392,162,230,0.413,-9.6,-4.09,0,0,0,0,0,0,33.836082,-81.163727,,,,
South Dakota,Vermillion South Dakota,South Dakota,SD,2011,2023,13,382,200,182,0.524,-4.63,-3.01,0,1,0,0,0,0,44.5,-100,,,,
Southern Illinois-Edwardsville,Edwardsville Illinois,Illinois,IL,2011,2023,13,359,116,243,0.323,-11.88,-4.41,0,0,0,0,0,0,40,-89,,,,
Southern Indiana,Evansville Indiana,Indiana,IN,2023,2023,1,7,3,4,0.429,0.67,2.33,0,0,0,0,0,0,40.273502,-86.126976,,,,
St. Francis (NY),Brooklyn Heights New York,New York,NY,1902,2023,104,2596,1262,1334,0.486,-11.7,-5.67,0,6,0,0,0,0,43,-75,,,,
St. Thomas (MN),St. Paul Minnesota,Minnesota,MN,2022,2023,2,40,17,23,0.425,-5.03,-3.19,0,0,0,0,0,0,46.39241,-94.63623,,,,
Stetson,DeLand Florida,Florida,FL,1972,2023,52,1469,664,805,0.452,-8.12,-4.45,0,0,0,0,0,0,27.994402,-81.760254,,,,
Stonehill,Easton Massachusetts,Massachusetts,MA,2023,2023,1,10,4,6,0.4,-9.54,-0.32,0,0,0,0,0,0,42.407211,-71.382439,,,,
Tarleton State,Stephenville Texas,Texas,TX,2021,2023,3,59,29,30,0.492,-1.79,-0.14,0,0,0,0,0,0,31,-100,,,,
Tennessee-Martin,Martin Tennessee,Tennessee,TN,1993,2023,31,892,334,558,0.374,-11.34,-4.11,0,3,0,0,0,0,35.860119,-86.660156,,,,
Texas A&M-Commerce,Commerce Texas,Texas,TX,2023,2023,1,8,4,4,0.5,-3.79,-2.08,0,0,0,0,0,0,31,-100,,,,
Texas Wesleyan Rams,Fort Worth Texas,Texas,TX,1948,1948,1,30,19,11,0.633,,,0,0,0,0,0,0,31,-100,,,,
Texas-Rio Grande Valley,Edinburg Texas,Texas,TX,1969,2023,55,1529,655,874,0.428,-8.43,-3.04,0,0,0,0,0,0,31,-100,,,,
The Citadel,Charleston South Carolina,South Carolina,SC,1913,2023,111,2457,1034,1423,0.421,-12.83,-5.36,0,0,0,0,0,0,33.836082,-81.163727,,,,
Trinity (TX) Tigers,San Antonio Texas,Texas,TX,1971,1973,3,70,25,45,0.357,-24.37,-5.64,0,0,0,0,0,0,31,-100,,,,
U.S. International Gulls,San Diego California,California,CA,1982,1991,10,279,69,210,0.247,-18.06,-5.34,0,0,0,0,0,0,36.778259,-119.417931,,,,
UC Riverside,Riverside California,California,CA,2002,2023,22,625,233,392,0.373,-7.27,-1.91,0,0,0,0,0,0,36.778259,-119.417931,,,,
UC San Diego,La Jolla California,California,CA,2021,2023,3,54,24,30,0.444,-7.02,-1.29,0,0,0,0,0,0,36.778259,-119.417931,,,,
Utah Tech,St. George Utah,Utah,UT,2021,2023,3,61,25,36,0.41,-8.17,-0.61,0,0,0,0,0,0,39.41922,-111.950684,,,,
Utah Valley,Orem Utah,Utah,UT,2010,2023,14,412,219,193,0.532,-5.04,-4.24,0,4,0,0,0,0,39.41922,-111.950684,,,,
Utica Pioneers,Utica New York,New York,NY,1982,1987,6,158,64,94,0.405,-12.94,-7.34,0,0,0,0,0,0,43,-75,,,,
Washburn Ichabods,Topeka Kansas,Kansas,KS,1906,1941,35,557,270,283,0.488,,,0,0,0,0,0,0,38.5,-98,,,,
Washington & Jefferson Presidents,Washington Pennsylvania,Pennsylvania,PA,1913,1944,10,128,73,55,0.57,,,0,0,0,0,0,0,41.203323,-77.194527,,,,
Washington & Lee Generals,Lexington Virginia,Virginia,VA,1907,1959,51,905,472,432,0.522,-15.24,-5.6,0,3,2,0,0,0,37.926868,-78.024902,,,,
Washington (MO) Bears,St. Louis Missouri,Missouri,MO,1905,1960,52,921,433,488,0.47,-5.22,-1.75,0,2,0,0,0,0,38.573936,-92.60376,,,,
Wayne State (MI),Detroit Michigan,Michigan,MI,1928,1950,5,104,47,57,0.452,,,0,0,0,0,0,0,44.182205,-84.506836,,,,
West Chester Golden Rams,West Chester Pennsylvania,Pennsylvania,PA,1899,1982,10,244,86,158,0.352,-17.61,-8.15,0,1,0,0,0,0,41.203323,-77.194527,,,,
Western Illinois,Macomb Illinois,Illinois,IL,1982,2023,42,1178,486,692,0.413,-8.63,-3.69,0,2,1,0,0,0,40,-89,,,,
William & Mary,Williamsburg Virginia,Virginia,VA,1906,2023,118,2726,1270,1456,0.466,-5.54,-2.52,0,3,0,0,0,0,37.926868,-78.024902,,,,
Youngstown State,Youngstown Ohio,Ohio,OH,1948,2023,43,1234,489,745,0.396,-8.14,-3.43,0,0,0,0,0,0,40.367474,-82.996216,,,,
Allegheny Gators,Meadville Pennsylvania,Pennsylvania,PA,1896,1916,21,234,191,41,0.823,,,0,0,0,,,,41.203323,-77.194527,,,,
Amherst,Amherst Massachusetts,Massachusetts,MA,1901,1902,2,12,12,0,1,,,0,0,0,,,,42.407211,-71.382439,,,,
Augustana (IL) Vikings,Rock Island Illinois,Illinois,IL,1902,1917,12,116,81,35,0.698,,,0,0,0,,,,40,-89,,,,
Baker University Wildcats,Baldwin City Kansas,Kansas,KS,1903,1908,6,90,62,28,0.689,,,0,0,0,,,,38.5,-98,,,,
Beloit,Beloit Wisconsin,Wisconsin,WI,1911,1924,8,95,66,28,0.702,,,0,0,0,,,,44.5,-89.5,,,,
Bloomsburg Huskies,Bloomsburg Pennsylvania,Pennsylvania,PA,1896,1911,15,143,88,55,0.615,,,0,0,0,,,,41.203323,-77.194527,,,,
Brigham Young College,Logan Utah,Utah,UT,1908,1908,1,11,10,1,0.909,,,0,0,0,,,,39.41922,-111.950684,,,,
Canterbury College,Danville Indiana,Indiana,IN,1931,1931,1,19,19,0,1,,,0,0,0,,,,40.273502,-86.126976,,,,
Carleton College Knights,Northfield Minnesota,Minnesota,MN,1910,1934,25,360,280,80,0.778,,,0,0,0,,,,46.39241,-94.63623,,,,
Central Missouri,Warrensburg Missouri,Missouri,MO,1913,1937,10,178,140,38,0.787,,,0,0,0,,,,38.573936,-92.60376,,,,
Central Pennsylvania College Knights,Summerdale Pennsylvania,Pennsylvania,PA,1896,1900,4,6,2,4,0.333,,,0,0,0,,,,41.203323,-77.194527,,,,
Centre (KY) Colonels,Danville Kentucky,Kentucky,KY,1910,1919,3,45,41,4,0.911,,,0,0,0,,,,37.839333,-84.27002,,,,
Cheyenne Business College,Cheyenne Wyoming,Wyoming,WY,1903,1903,1,1,1,0,1,,,0,0,0,,,,43.07597,-107.290283,,,,
College of New Jersey Lions,Ewing New Jersey,New Jersey,NJ,1900,1900,1,5,3,2,0.6,,,0,0,0,,,,39.833851,-74.871826,,,,
Colorado College Tigers,Colorado Springs Colorado,Colorado,CO,1915,1937,23,376,233,143,0.62,,,0,7,0,,,,39.113014,-105.358887,,,,
Colorado School of Mines Orediggers,Golden Colorado,Colorado,CO,1908,1937,28,282,80,202,0.284,,,0,2,0,,,,39.113014,-105.358887,,,,
Concordia Seminary Preachers,St. Louis Missouri,Missouri,MO,1907,1923,2,16,14,2,0.875,,,0,0,0,,,,38.573936,-92.60376,,,,
Cotner College,Lincoln Nebraska,Nebraska,NE,1910,1911,2,27,24,3,0.889,,,0,0,0,,,,41.5,-100,,,,
Cumberland,Lebanon Tennessee,Tennessee,TN,1904,1904,1,4,4,0,1,,,0,0,0,,,,35.860119,-86.660156,,,,
Dakota Wesleyan Tigers,Mitchell South Dakota,South Dakota,SD,1932,1932,1,20,19,1,0.95,,,0,0,0,,,,44.5,-100,,,,
DePauw Tigers,Greencastle Indiana,Indiana,IN,1916,1932,17,276,182,94,0.659,,,0,0,0,,,,40.273502,-86.126976,,,,
East Central Tigers,Ada Oklahoma,Oklahoma,OK,1929,1931,3,74,66,8,0.892,,,0,0,0,,,,36.084621,-96.921387,,,,
Emporia State Hornets,Emporia Kansas,Kansas,KS,1934,1934,1,18,17,1,0.944,,,0,0,0,,,,38.5,-98,,,,
Ensign College,Salt Lake City Utah,Utah,UT,1903,1903,1,16,15,1,0.938,,,0,0,0,,,,39.41922,-111.950684,,,,
Franklin Grizzlies,Franklin Indiana,Indiana,IN,1907,1925,18,221,144,77,0.652,,,0,0,0,,,,40.273502,-86.126976,,,,
Grove City Wolverines,Grove City Pennsylvania,Pennsylvania,PA,1899,1925,27,383,257,126,0.671,,,0,0,0,,,,41.203323,-77.194527,,,,
Haskell (KS) Fighting Indians,Lawrence Kansas,Kansas,KS,1903,1908,2,39,27,12,0.692,,,0,0,0,,,,38.5,-98,,,,
Hiram Terriers,Hiram Ohio,Ohio,OH,1894,1904,8,59,45,14,0.763,,,0,0,0,,,,40.367474,-82.996216,,,,
Hope Flying Dutchmen,Holland Michigan,Michigan,MI,1908,1913,5,65,44,21,0.677,,,0,0,0,,,,44.182205,-84.506836,,,,
Illinois Wesleyan,Bloomington Illinois,Illinois,IL,1928,1928,1,14,13,1,0.929,,,0,0,0,,,,40,-89,,,,
Kalamazoo Hornets,Kalamazoo Michigan,Michigan,MI,1908,1923,16,193,134,59,0.694,,,0,0,0,,,,44.182205,-84.506836,,,,
Lake Forest Foresters,Lake Forest Illinois,Illinois,IL,1905,1916,12,144,89,55,0.618,,,0,0,0,,,,40,-89,,,,
Lewis Flyers,Romeoville Illinois,Illinois,IL,1905,1905,1,25,20,5,0.8,,,0,0,0,,,,40,-89,,,,
Macalester Scots,St. Paul Minnesota,Minnesota,MN,1896,1899,4,21,8,13,0.381,,,0,0,0,,,,46.39241,-94.63623,,,,
Manchester Spartans,North Manchester Indiana,Indiana,IN,1926,1926,1,16,15,1,0.938,,,0,0,0,,,,40.273502,-86.126976,,,,
Marietta Pioneers,Marietta Ohio,Ohio,OH,1908,1920,13,175,109,66,0.623,,,0,0,0,,,,40.367474,-82.996216,,,,
Massachusetts Institute of Technology Engineers,Cambridge Massachusetts,Massachusetts,MA,1909,1909,1,16,10,6,0.625,,,0,0,0,,,,42.407211,-71.382439,,,,
Millikin Big Blue,Decatur Illinois,Illinois,IL,1910,1921,12,210,150,60,0.714,,,0,0,0,,,,40,-89,,,,
Millsaps Majors,Jackson Mississippi,Mississippi,MS,1911,1921,11,116,59,57,0.509,,,0,0,0,,,,33,-90,,,,
Minnesota A&M Aggies,St. Paul Minnesota,Minnesota,MN,1896,1903,4,30,27,3,0.9,,,0,0,0,,,,46.39241,-94.63623,,,,
Mount Union Purple Raiders,Alliance Ohio,Ohio,OH,1896,1932,37,493,314,179,0.637,,,0,0,0,,,,40.367474,-82.996216,,,,
Muskingum Fighting Muskies,New Concord Ohio,Ohio,OH,1905,1927,3,48,44,4,0.917,,,0,0,0,,,,40.367474,-82.996216,,,,
Nebraska Wesleyan Prairie Wolves,Lincoln Nebraska,Nebraska,NE,1906,1917,12,188,134,54,0.713,,,0,0,0,,,,41.5,-100,,,,
Newberry Wolves,Newberry South Carolina,South Carolina,SC,1921,1921,1,4,2,2,0.5,,,0,0,0,,,,33.836082,-81.163727,,,,
North Central Cardinals,Naperville Illinois,Illinois,IL,1911,1922,8,115,78,37,0.678,,,0,0,0,,,,40,-89,,,,
Northwest Missouri State Bearcats,Maryville Missouri,Missouri,MO,1930,1932,3,97,89,8,0.918,,,0,0,0,,,,38.573936,-92.60376,,,,
Oberlin Yeomen,Oberlin Ohio,Ohio,OH,1905,1921,7,82,61,21,0.744,,,0,0,0,,,,40.367474,-82.996216,,,,
Ohio Wesleyan Battling Bishops,Delaware Ohio,Ohio,OH,1929,1935,2,40,35,5,0.875,,,0,0,0,,,,40.367474,-82.996216,,,,
Phillips Haymakers,Enid Oklahoma,Oklahoma,OK,1920,1920,1,3,2,1,0.667,,,0,0,0,,,,36.084621,-96.921387,,,,
Pittsburg State Gorillas,Pittsburg Kansas,Kansas,KS,1927,1931,5,103,86,17,0.835,,,0,0,0,,,,38.5,-98,,,,
Pratt Institute Cannoneers,Brooklyn New York,New York,NY,1934,1934,1,14,8,6,0.571,,,0,0,0,,,,43,-75,,,,
Rensselaer,Troy New York,New York,NY,1901,1924,4,39,28,11,0.718,,,0,0,0,,,,43,-75,,,,
Ripon Red Hawks,Ripon Wisconsin,Wisconsin,WI,1902,1922,5,59,46,13,0.78,,,0,0,0,,,,44.5,-89.5,,,,
Roanoke,Salem Virginia,Virginia,VA,1912,1919,8,92,67,25,0.728,,,0,0,0,,,,37.926868,-78.024902,,,,
Rose-Hulman Fightin' Engineers,Terre Haute Indiana,Indiana,IN,1898,1898,1,4,2,2,0.5,,,0,0,0,,,,40.273502,-86.126976,,,,
Savage School of Physical Education,New York New York,New York,NY,1896,1898,2,8,6,2,0.75,,,0,0,0,,,,43,-75,,,,
Southwestern (KS),Winfield Kansas,Kansas,KS,1905,1923,19,289,212,77,0.734,,,0,0,0,,,,38.5,-98,,,,
Southwestern (TX) Pirates,Georgetown Texas,Texas,TX,1915,1916,2,10,1,9,0.1,,,0,0,0,,,,31,-100,,,,
Springfield,Springfield Massachusetts,Massachusetts,MA,1897,1935,30,406,268,138,0.66,,,0,0,0,,,,42.407211,-71.382439,,,,
St. John's College (OH),Toledo Ohio,Ohio,OH,1921,1921,1,15,15,0,1,,,0,0,0,,,,40.367474,-82.996216,,,,
St. Lawrence Saints,Canton New York,New York,NY,1902,1914,7,99,70,29,0.707,,,0,0,0,,,,43,-75,,,,
Stevens Institute Ducks,Hoboken New Jersey,New Jersey,NJ,1917,1920,4,48,37,11,0.771,,,0,0,0,,,,39.833851,-74.871826,,,,
SUNY-Potsdam Bears,Potsdam New York,New York,NY,1910,1913,2,32,22,10,0.688,,,0,0,0,,,,43,-75,,,,
Swarthmore Garnet,Swarthmore Pennsylvania,Pennsylvania,PA,1906,1919,11,133,92,41,0.692,,,0,0,0,,,,41.203323,-77.194527,,,,
Trinity (CT) Bantams,Hartford Connecticut,Connecticut,CT,1897,1911,8,81,28,53,0.346,,,0,0,0,,,,41.599998,-72.699997,,,,
Union (NY) Dutchmen,Schenectady New York,New York,NY,1907,1925,19,266,162,104,0.609,,,0,0,0,,,,43,-75,,,,
Wabash Little Giants,Crawfordsville Indiana,Indiana,IN,1897,1925,29,407,301,106,0.74,,,0,0,0,,,,40.273502,-86.126976,,,,
Washington College Shoremen,Chestertown Maryland,Maryland,MD,1913,1925,13,151,109,42,0.722,,,0,0,0,,,,39.045753,-76.641273,,,,
Wesleyan (CT) Cardinals,Middletown Connecticut,Connecticut,CT,1896,1913,13,171,97,74,0.567,,,0,0,0,,,,41.599998,-72.699997,,,,
Western Colorado Mountaineers,Gunnison Colorado,Colorado,CO,1924,1937,14,189,88,101,0.466,,,0,0,0,,,,39.113014,-105.358887,,,,
Westminster (MO) Blue Jays,Fulton Missouri,Missouri,MO,1920,1920,1,17,17,0,1,,,0,0,0,,,,38.573936,-92.60376,,,,
Westminster (PA),New Wilmington Pennsylvania,Pennsylvania,PA,1898,1935,21,294,210,84,0.714,,,0,0,0,,,,41.203323,-77.194527,,,,
Wheaton (IL) Thunder,Wheaton Illinois,Illinois,IL,1902,1905,4,57,39,17,0.696,,,0,0,0,,,,40,-89,,,,
Whittier Poets,Whittier California,California,CA,1909,1915,3,42,38,3,0.927,,,0,0,0,,,,36.778259,-119.417931,,,,
Widener Pride,Chester Pennsylvania,Pennsylvania,PA,1899,1909,5,26,20,6,0.769,,,0,0,0,,,,41.203323,-77.194527,,,,
Williams,Williamstown Massachusetts,Massachusetts,MA,1901,1911,10,161,136,24,0.85,,,0,0,0,,,,42.407211,-71.382439,,,,
Wisconsin-Stevens Point Pointers,Stevens Point Wisconsin,Wisconsin,WI,1898,1918,21,156,98,58,0.628,,,0,0,0,,,,44.5,-89.5,,,,
Wisconsin-Superior Yellowjackets,Superior Wisconsin,Wisconsin,WI,1900,1901,2,14,10,4,0.714,,,0,0,0,,,,44.5,-89.5,,,,
Wittenberg Tigers,Springfield Ohio,Ohio,OH,1931,1931,1,20,18,2,0.9,,,0,0,0,,,,40.367474,-82.996216,,,,
Wooster Fighting Scots,Wooster Ohio,Ohio,OH,1901,1931,31,390,225,165,0.577,,,0,0,0,,,,40.367474,-82.996216,,,,
WPI Engineers,Worcester Massachusetts,Massachusetts,MA,1920,1920,1,16,14,2,0.875,,,0,0,0,,,,42.407211,-71.382439,,,,